Path,User,Timestamp
/index.html,04a5d9a7-0a76-47a8-abd3-9e39a1abce50,2017-09-28T19:38:59+00:00
/index.html,04a5d9a7-0a76-47a8-abd3-9e39a1abce50,2017-09-28T19:38:59+00:00
/index.html,04a5d9a7-0a76-47a8-abd3-9e39a1abce50,2017-09-28T19:38:59+00:00
/index.html,04a5d9a7-0a76-47a8-abd3-9e39a1abce50,2017-09-28T19:38:59+00:00
/index.html,04a5d9a7-0a76-47a8-abd3-9e39a1abce50,2017-09-28T19:38:59+00:00
/index.html,04a5d9a7-0a76-47a8-abd3-9e39a1abce50,2017-09-28T19:38:59+00:00
/home.html,fchen1,2017-09-28T19:38:59+00:00
/home.html,fchen2,2017-09-28T19:38:59+00:00
/home.html,fchen3,2017-09-28T19:38:59+00:00
/home.html,04a5d9a7-0a76-47a8-abd3-9e39a1abce50,2017-09-28T19:38:59+00:00
/helloworld.js,04a5d9a7-0a76-47a8-abd3-9e39a1abce50,2017-09-28T19:38:59+00:00
/helloworld.js,fchen1,2017-09-28T19:38:59+00:00
/index.html,04a5d9a7-0a76-47a8-abd3-9e39a1abce50,2017-10-28T19:38:59+00:00
/index.html,04a5d9a7-0a76-47a8-abd3-9e39a1abce50,2017-10-28T19:38:59+00:00
/index.html,04a5d9a7-0a76-47a8-abd3-9e39a1abce50,2017-10-28T19:38:59+00:00
/index.html,04a5d9a7-0a76-47a8-abd3-9e39a1abce50,2017-10-28T19:38:59+00:00
/index.html,04a5d9a7-0a76-47a8-abd3-9e39a1abce50,2017-09-29T19:38:59+00:00
/index.html,04a5d9a7-0a76-47a8-abd3-9e39a1abce50,2017-09-29T19:38:59+00:00
/home.html,fchen1,2017-09-29T19:38:59+00:00
/home.html,fchen2,2017-09-29T19:38:59+00:00
/home.html,fchen3,2017-09-29T19:38:59+00:00
/home.html,04a5d9a7-0a76-47a8-abd3-9e39a1abce50,2017-09-29T19:38:59+00:00
/helloworld.js,04a5d9a7-0a76-47a8-abd3-9e39a1abce50,2017-09-30T19:38:59+00:00
/helloworld.js,fchen1,2017-09-28T19:38:59+00:00
